{"cameraMode":{"drawMode":0,"name":"Shaded","section":"Shading Mode"},"sceneLighting":true,"audioPlay":false,"sceneViewState":{"m_AlwaysRefresh":false,"showFog":true,"showSkybox":false,"showFlares":true,"showImageEffects":true,"showParticleSystems":true,"showVisualEffectGraphs":true,"m_FxEnabled":true},"in2DMode":false,"pivot":{"x":10.287984848022461,"y":78.21395111083985,"z":-1.1844213008880616},"rotation":{"x":-0.15321902930736543,"y":-0.6291043162345886,"z":-0.12847290933132173,"w":0.7512149214744568},"size":1.2231507301330567,"orthographic":false}