{"cameraMode":{"drawMode":0,"name":"Shaded","section":"Shading Mode"},"sceneLighting":false,"audioPlay":false,"sceneViewState":{"m_AlwaysRefresh":false,"showFog":true,"showSkybox":false,"showFlares":true,"showImageEffects":true,"showParticleSystems":true,"showVisualEffectGraphs":true,"m_FxEnabled":true},"in2DMode":false,"pivot":{"x":485.8682556152344,"y":98.2714614868164,"z":-25.917205810546876},"rotation":{"x":0.025494562461972238,"y":-0.0035600780975073578,"z":0.00014556031965184957,"w":0.9997549057006836},"size":467.1443176269531,"orthographic":false}