{"cameraMode":{"drawMode":0,"name":"Shaded","section":"Shading Mode"},"sceneLighting":false,"audioPlay":false,"sceneViewState":{"m_AlwaysRefresh":false,"showFog":true,"showSkybox":false,"showFlares":true,"showImageEffects":true,"showParticleSystems":true,"showVisualEffectGraphs":true,"m_FxEnabled":true},"in2DMode":false,"pivot":{"x":2.842827796936035,"y":8.259832382202149,"z":52.11328887939453},"rotation":{"x":-0.9862844347953796,"y":0.002765130251646042,"z":0.16422973573207856,"w":0.016564490273594857},"size":4.609772205352783,"orthographic":false}