{"cameraMode":{"drawMode":0,"name":"Shaded","section":"Shading Mode"},"sceneLighting":false,"audioPlay":false,"sceneViewState":{"m_AlwaysRefresh":false,"showFog":true,"showSkybox":false,"showFlares":true,"showImageEffects":true,"showParticleSystems":true,"showVisualEffectGraphs":true,"m_FxEnabled":false},"in2DMode":false,"pivot":{"x":1056.0638427734375,"y":455.9471130371094,"z":-10.664825439453125},"rotation":{"x":-0.06326760351657868,"y":0.0005962263676337898,"z":-0.00003854250462609343,"w":-0.9980006814002991},"size":711.5344848632813,"orthographic":false}