{"cameraMode":{"drawMode":0,"name":"Shaded","section":"Shading Mode"},"sceneLighting":false,"audioPlay":false,"sceneViewState":{"m_AlwaysRefresh":false,"showFog":true,"showSkybox":false,"showFlares":true,"showImageEffects":true,"showParticleSystems":true,"showVisualEffectGraphs":true,"m_FxEnabled":true},"in2DMode":false,"pivot":{"x":2.085310220718384,"y":7.229793071746826,"z":-7.151896953582764},"rotation":{"x":0.004419969394803047,"y":-0.9255361557006836,"z":0.3785107135772705,"w":0.010838788002729416},"size":16.131576538085939,"orthographic":false}