{"cameraMode":{"drawMode":0,"name":"Shaded","section":"Shading Mode"},"sceneLighting":false,"audioPlay":false,"sceneViewState":{"m_AlwaysRefresh":false,"showFog":true,"showSkybox":false,"showFlares":true,"showImageEffects":true,"showParticleSystems":true,"showVisualEffectGraphs":true,"m_FxEnabled":true},"in2DMode":false,"pivot":{"x":0.09719276428222656,"y":0.12783370912075044,"z":-0.054942965507507327},"rotation":{"x":0.009879808872938156,"y":-0.974686861038208,"z":0.21909350156784059,"w":0.043891727924346927},"size":2.468618154525757,"orthographic":false}