{"cameraMode":{"drawMode":0,"name":"Shaded","section":"Shading Mode"},"sceneLighting":false,"audioPlay":false,"sceneViewState":{"m_AlwaysRefresh":false,"showFog":true,"showSkybox":false,"showFlares":true,"showImageEffects":true,"showParticleSystems":true,"showVisualEffectGraphs":true,"m_FxEnabled":true},"in2DMode":false,"pivot":{"x":-1.0399999618530274,"y":0.5260617733001709,"z":-1.0399999618530274},"rotation":{"x":0.005043169483542442,"y":-0.9908297061920166,"z":0.12944801151752473,"w":0.03866901993751526},"size":0.9883105754852295,"orthographic":false}