{"cameraMode":{"drawMode":0,"name":"Shaded","section":"Shading Mode"},"sceneLighting":false,"audioPlay":false,"sceneViewState":{"m_AlwaysRefresh":false,"showFog":true,"showSkybox":false,"showFlares":true,"showImageEffects":true,"showParticleSystems":true,"showVisualEffectGraphs":true,"m_FxEnabled":false},"in2DMode":false,"pivot":{"x":0.4115840196609497,"y":1.1534687280654908,"z":0.9161942601203919},"rotation":{"x":-0.10985798388719559,"y":0.7723888754844666,"z":-0.13912376761436463,"w":-0.6099185347557068},"size":0.9247450232505798,"orthographic":false}