{"cameraMode":{"drawMode":0,"name":"Shaded","section":"Shading Mode"},"sceneLighting":false,"audioPlay":false,"sceneViewState":{"m_AlwaysRefresh":false,"showFog":true,"showSkybox":false,"showFlares":true,"showImageEffects":true,"showParticleSystems":true,"showVisualEffectGraphs":true,"m_FxEnabled":true},"in2DMode":false,"pivot":{"x":0.24947652220726014,"y":1.4312742948532105,"z":1.2471445798873902},"rotation":{"x":0.7320215702056885,"y":-0.0828457623720169,"z":0.09049560874700546,"w":0.670143187046051},"size":0.4472094774246216,"orthographic":false}