{"cameraMode":{"drawMode":0,"name":"Shaded","section":"Shading Mode"},"sceneLighting":false,"audioPlay":false,"sceneViewState":{"m_AlwaysRefresh":false,"showFog":true,"showSkybox":false,"showFlares":true,"showImageEffects":true,"showParticleSystems":true,"showVisualEffectGraphs":true,"m_FxEnabled":true},"in2DMode":false,"pivot":{"x":0.0317540168762207,"y":1.366476058959961,"z":0.3817562758922577},"rotation":{"x":0.029794840142130853,"y":-0.9337365031242371,"z":0.08002956956624985,"w":0.3476267457008362},"size":1.4351403713226319,"orthographic":false}