{"cameraMode":{"drawMode":0,"name":"Shaded","section":"Shading Mode"},"sceneLighting":false,"audioPlay":false,"sceneViewState":{"m_AlwaysRefresh":false,"showFog":true,"showSkybox":false,"showFlares":true,"showImageEffects":true,"showParticleSystems":true,"showVisualEffectGraphs":true,"m_FxEnabled":true},"in2DMode":false,"pivot":{"x":2.0586273670196535,"y":3.0209035873413088,"z":4.935849666595459},"rotation":{"x":0.19319070875644685,"y":-0.7786836624145508,"z":0.2874828279018402,"w":0.5231675505638123},"size":3.8653290271759035,"orthographic":true}