{"cameraMode":{"drawMode":0,"name":"Shaded","section":"Shading Mode"},"sceneLighting":false,"audioPlay":false,"sceneViewState":{"m_AlwaysRefresh":false,"showFog":true,"showSkybox":false,"showFlares":true,"showImageEffects":true,"showParticleSystems":true,"showVisualEffectGraphs":true,"m_FxEnabled":true},"in2DMode":false,"pivot":{"x":0.03813183307647705,"y":1.8691039085388184,"z":0.02938389778137207},"rotation":{"x":-0.009907344356179238,"y":0.02369461953639984,"z":-0.00023516756482422352,"w":-0.9996779561042786},"size":3.3076894283294679,"orthographic":false}