{"cameraMode":{"drawMode":0,"name":"Shaded","section":"Shading Mode"},"sceneLighting":false,"audioPlay":false,"sceneViewState":{"m_AlwaysRefresh":false,"showFog":true,"showSkybox":false,"showFlares":true,"showImageEffects":true,"showParticleSystems":true,"showVisualEffectGraphs":true,"m_FxEnabled":true},"in2DMode":false,"pivot":{"x":1069.5352783203125,"y":263.166259765625,"z":-13.521575927734375},"rotation":{"x":-0.022478964179754258,"y":-0.038389209657907489,"z":0.0008902872214093804,"w":-0.9990288615226746},"size":574.4058227539063,"orthographic":false}