{"cameraMode":{"drawMode":0,"name":"Shaded","section":"Shading Mode"},"sceneLighting":false,"audioPlay":false,"sceneViewState":{"m_AlwaysRefresh":false,"showFog":true,"showSkybox":false,"showFlares":true,"showImageEffects":true,"showParticleSystems":true,"showVisualEffectGraphs":true,"m_FxEnabled":true},"in2DMode":false,"pivot":{"x":-0.8457842469215393,"y":0.7379999756813049,"z":0.9541592597961426},"rotation":{"x":-0.07648193091154099,"y":0.5491252541542053,"z":-0.050555869936943057,"w":-0.8306986093521118},"size":1.1857463121414185,"orthographic":false}