{"cameraMode":{"drawMode":0,"name":"Shaded","section":"Shading Mode"},"sceneLighting":false,"audioPlay":false,"sceneViewState":{"m_AlwaysRefresh":false,"showFog":true,"showSkybox":false,"showFlares":true,"showImageEffects":true,"showParticleSystems":true,"showVisualEffectGraphs":true,"m_FxEnabled":true},"in2DMode":false,"pivot":{"x":-0.13296669721603394,"y":0.048803165555000308,"z":0.483934611082077},"rotation":{"x":0.2917003333568573,"y":0.32709527015686037,"z":-0.10690920054912567,"w":0.8924713134765625},"size":2.0262529850006105,"orthographic":true}